{
    "$schema": "https://schema.management.azure.com/schemas/2015-01-01/deploymentParameters.json#",
    "contentVersion": "1.0.0.0",
    "parameters": {
        "factoryName": {
            "value": "jagtarsinghdatafactory"
        },
        "Salesforce1_password": {
            "value": ""
        },
        "Salesforce1_securityToken": {
            "value": ""
        },
        "Salesforce1_properties_typeProperties_environmentUrl": {
            "value": "https://landsec2--dev.sandbox.my.salesforce.com/"
        },
        "Salesforce1_properties_typeProperties_username": {
            "value": "svc-dev-salesforce-api@landsec.com.ls.dev"
        }
    }
}