{
    "$schema": "http://schema.management.azure.com/schemas/2015-01-01/deploymentTemplate.json#",
    "contentVersion": "1.0.0.0",
    "parameters": {
        "factoryName": {
            "type": "string",
            "metadata": "Data Factory name",
            "defaultValue": "jagtarsinghdatafactory"
        },
        "Salesforce1_password": {
            "type": "secureString",
            "metadata": "Secure string for 'password' of 'Salesforce1'"
        },
        "Salesforce1_securityToken": {
            "type": "secureString",
            "metadata": "Secure string for 'securityToken' of 'Salesforce1'"
        },
        "Salesforce1_properties_typeProperties_environmentUrl": {
            "type": "string",
            "defaultValue": "https://landsec2--dev.sandbox.my.salesforce.com/"
        },
        "Salesforce1_properties_typeProperties_username": {
            "type": "string",
            "defaultValue": "svc-dev-salesforce-api@landsec.com.ls.dev"
        },
        "containerUri": {
            "type": "string",
            "metadata": "URI to storage account containing linked ARM templates"
        },
        "containerSasToken": {
            "type": "string",
            "metadata": "Sas token to storage account containing linked ARM templates"
        }
    },
    "variables": {
        "factoryId": "[concat('Microsoft.DataFactory/factories/', parameters('factoryName'))]"
    },
    "resources": [
        {
            "name": "jagtarsinghdatafactory_ArmTemplate_0",
            "type": "Microsoft.Resources/deployments",
            "apiVersion": "2018-02-01",
            "properties": {
                "mode": "incremental",
                "templateLink": {
                    "uri": "[concat(parameters('containerUri'), '/ArmTemplate_0.json', parameters('containerSasToken'))]",
                    "contentVersion": "1.0.0.0"
                },
                "parameters": {
                    "factoryName": {
                        "value": "[parameters('factoryName')]"
                    },
                    "Salesforce1_password": {
                        "value": "[parameters('Salesforce1_password')]"
                    },
                    "Salesforce1_securityToken": {
                        "value": "[parameters('Salesforce1_securityToken')]"
                    },
                    "Salesforce1_properties_typeProperties_environmentUrl": {
                        "value": "[parameters('Salesforce1_properties_typeProperties_environmentUrl')]"
                    },
                    "Salesforce1_properties_typeProperties_username": {
                        "value": "[parameters('Salesforce1_properties_typeProperties_username')]"
                    }
                }
            },
            "dependsOn": []
        }
    ]
}