{
    "$schema": "http://schema.management.azure.com/schemas/2015-01-01/deploymentTemplate.json#",
    "contentVersion": "1.0.0.0",
    "parameters": {
        "factoryName": {
            "type": "string",
            "metadata": "Data Factory name",
            "defaultValue": "jagtarsinghdatafactory"
        },
        "Salesforce1_password": {
            "type": "secureString",
            "metadata": "Secure string for 'password' of 'Salesforce1'"
        },
        "Salesforce1_securityToken": {
            "type": "secureString",
            "metadata": "Secure string for 'securityToken' of 'Salesforce1'"
        },
        "Salesforce1_properties_typeProperties_environmentUrl": {
            "type": "string",
            "defaultValue": "https://landsec2--dev.sandbox.my.salesforce.com/"
        },
        "Salesforce1_properties_typeProperties_username": {
            "type": "string",
            "defaultValue": "svc-dev-salesforce-api@landsec.com.ls.dev"
        }
    },
    "variables": {
        "factoryId": "[concat('Microsoft.DataFactory/factories/', parameters('factoryName'))]"
    },
    "resources": [
        {
            "name": "[concat(parameters('factoryName'), '/Salesforce1')]",
            "type": "Microsoft.DataFactory/factories/linkedServices",
            "apiVersion": "2018-06-01",
            "properties": {
                "annotations": [],
                "type": "Salesforce",
                "typeProperties": {
                    "environmentUrl": "[parameters('Salesforce1_properties_typeProperties_environmentUrl')]",
                    "username": "[parameters('Salesforce1_properties_typeProperties_username')]",
                    "password": {
                        "type": "SecureString",
                        "value": "[parameters('Salesforce1_password')]"
                    },
                    "securityToken": {
                        "type": "SecureString",
                        "value": "[parameters('Salesforce1_securityToken')]"
                    },
                    "apiVersion": "56.0"
                }
            },
            "dependsOn": []
        }
    ]
}